MAE,RMSE,MAPE (%),Precisión (%)
0.000616481581532309,0.0007979972816544019,0.22541955370898517,99.77458044629101
